Task,Type of Operation,Dimension,Complexity,Rating
32 / 32,Multiplication and Division within Times Tables Range,One-digit numbers,Complex actions,3
47 - 64,Solving Equations with Unknown in Windowed Form,Two-digit numbers,Simple actions,5
61 * 70,Multiplying Double Digits by 2,One-digit numbers,Complex actions,5
55 - 30,Solving Equations with Unknown in Windowed Form,Two-digit numbers,Simple actions,4
38 / 7,Multiplication and Division within Times Tables Range,One-digit numbers,Complex actions,6
17 / 7,Multiplication and Division within Times Tables Range,One-digit numbers,Complex actions,5
58 - 24,Solving Equations with Unknown in Windowed Form,One-digit numbers,Simple actions,4
42 * 99,Multiplication and Division within Times Tables Range,One-digit numbers,Simple actions,2
71 * 25,Solving Equations with Unknown in Windowed Form,One-digit numbers,Simple actions,4
42 / 55,Addition and Subtraction of Double Digits,One-digit numbers,Complex actions,3
55 + 83,Solving Equations with Unknown in Windowed Form,One-digit numbers,Simple actions,6
4 / 44,Solving Equations with Unknown in Windowed Form,Two-digit numbers,Simple actions,1
26 / 3,Addition and Subtraction of Single Digits,One-digit numbers,Simple actions,2
82 + 84,Solving Equations with Unknown in Windowed Form,Two-digit numbers,Simple actions,6
76 + 77,Addition and Subtraction of Single Digits,One-digit numbers,Complex actions,2
86 / 77,Multiplication and Division within Times Tables Range,Two-digit numbers,Complex actions,4
67 - 78,Addition and Subtraction of Double Digits,One-digit numbers,Simple actions,2
86 * 82,Addition and Subtraction of Single Digits,Two-digit numbers,Simple actions,4
37 * 40,Multiplication and Division within Times Tables Range,One-digit numbers,Complex actions,4
70 / 95,Multiplication and Division within Times Tables Range,One-digit numbers,Complex actions,3
98 * 50,Addition and Subtraction of Single Digits,Two-digit numbers,Complex actions,1
72 / 67,Solving Equations with Unknown in Windowed Form,One-digit numbers,Simple actions,1
18 - 43,Solving Equations with Unknown in Windowed Form,Two-digit numbers,Complex actions,2
17 / 82,Multiplication and Division within Times Tables Range,One-digit numbers,Complex actions,6
41 + 14,Multiplication and Division within Times Tables Range,Two-digit numbers,Simple actions,1
9 / 54,Addition and Subtraction of Double Digits,One-digit numbers,Simple actions,6
87 - 70,Addition and Subtraction of Single Digits,One-digit numbers,Simple actions,2
9 - 2,Addition and Subtraction of Double Digits,One-digit numbers,Simple actions,5
21 + 76,Multiplication and Division within Times Tables Range,One-digit numbers,Simple actions,1
92 / 5,Multiplying Double Digits by 2,One-digit numbers,Simple actions,5
97 + 88,Solving Equations with Unknown in Windowed Form,Two-digit numbers,Simple actions,1
55 * 56,Multiplying Double Digits by 2,One-digit numbers,Complex actions,1
49 + 12,Multiplication and Division within Times Tables Range,One-digit numbers,Complex actions,2
61 / 82,Multiplication and Division within Times Tables Range,One-digit numbers,Simple actions,4
18 * 21,Multiplication and Division within Times Tables Range,One-digit numbers,Complex actions,2
42 * 61,Solving Equations with Unknown in Windowed Form,One-digit numbers,Simple actions,2
40 - 26,Solving Equations with Unknown in Windowed Form,Two-digit numbers,Complex actions,2
82 * 79,Multiplying Double Digits by 2,One-digit numbers,Simple actions,4
60 / 59,Multiplication and Division within Times Tables Range,Two-digit numbers,Complex actions,5
12 / 11,Addition and Subtraction of Single Digits,One-digit numbers,Complex actions,5
62 * 38,Addition and Subtraction of Single Digits,Two-digit numbers,Simple actions,2
81 - 1,Addition and Subtraction of Single Digits,Two-digit numbers,Simple actions,2
72 * 25,Multiplying Double Digits by 2,One-digit numbers,Simple actions,3
35 * 78,Addition and Subtraction of Double Digits,One-digit numbers,Complex actions,3
8 * 94,Multiplying Double Digits by 2,One-digit numbers,Simple actions,5
12 / 48,Multiplying Double Digits by 2,Two-digit numbers,Simple actions,6
55 - 10,Addition and Subtraction of Double Digits,One-digit numbers,Complex actions,3
71 + 54,Solving Equations with Unknown in Windowed Form,Two-digit numbers,Simple actions,4
18 / 98,Solving Equations with Unknown in Windowed Form,One-digit numbers,Complex actions,6
80 - 13,Multiplying Double Digits by 2,One-digit numbers,Complex actions,3
99 + 4,Addition and Subtraction of Double Digits,One-digit numbers,Complex actions,6
63 * 76,Solving Equations with Unknown in Windowed Form,One-digit numbers,Simple actions,3
86 / 36,Multiplying Double Digits by 2,One-digit numbers,Complex actions,1
40 + 46,Addition and Subtraction of Single Digits,One-digit numbers,Simple actions,4
87 * 47,Multiplication and Division within Times Tables Range,One-digit numbers,Simple actions,1
19 / 46,Multiplication and Division within Times Tables Range,Two-digit numbers,Simple actions,6
47 * 19,Multiplication and Division within Times Tables Range,One-digit numbers,Simple actions,2
13 / 23,Solving Equations with Unknown in Windowed Form,One-digit numbers,Simple actions,5
12 - 2,Multiplication and Division within Times Tables Range,One-digit numbers,Simple actions,5
27 + 16,Solving Equations with Unknown in Windowed Form,Two-digit numbers,Complex actions,3
20 - 84,Solving Equations with Unknown in Windowed Form,Two-digit numbers,Complex actions,2
17 * 46,Solving Equations with Unknown in Windowed Form,Two-digit numbers,Simple actions,4
95 - 33,Solving Equations with Unknown in Windowed Form,Two-digit numbers,Simple actions,5
12 * 62,Multiplying Double Digits by 2,Two-digit numbers,Complex actions,4
60 - 82,Multiplication and Division within Times Tables Range,One-digit numbers,Complex actions,4
67 / 11,Addition and Subtraction of Single Digits,Two-digit numbers,Complex actions,5
85 + 77,Addition and Subtraction of Single Digits,One-digit numbers,Simple actions,5
2 / 54,Addition and Subtraction of Single Digits,One-digit numbers,Simple actions,4
15 / 82,Addition and Subtraction of Double Digits,One-digit numbers,Simple actions,6
28 * 62,Multiplying Double Digits by 2,Two-digit numbers,Complex actions,6
54 / 13,Addition and Subtraction of Double Digits,Two-digit numbers,Simple actions,6
19 - 72,Solving Equations with Unknown in Windowed Form,Two-digit numbers,Complex actions,2
95 + 82,Addition and Subtraction of Double Digits,One-digit numbers,Simple actions,4
80 - 43,Addition and Subtraction of Double Digits,One-digit numbers,Complex actions,1
49 / 85,Multiplication and Division within Times Tables Range,Two-digit numbers,Simple actions,5
6 + 41,Multiplying Double Digits by 2,One-digit numbers,Complex actions,4
1 - 95,Multiplication and Division within Times Tables Range,One-digit numbers,Complex actions,4
24 - 98,Multiplication and Division within Times Tables Range,One-digit numbers,Simple actions,5
84 / 35,Addition and Subtraction of Double Digits,Two-digit numbers,Complex actions,4
18 * 45,Multiplication and Division within Times Tables Range,One-digit numbers,Simple actions,3
8 - 1,Addition and Subtraction of Single Digits,One-digit numbers,Complex actions,1
98 - 89,Multiplying Double Digits by 2,Two-digit numbers,Complex actions,6
4 - 37,Addition and Subtraction of Double Digits,One-digit numbers,Simple actions,3
18 - 12,Addition and Subtraction of Double Digits,Two-digit numbers,Complex actions,6
46 * 99,Addition and Subtraction of Double Digits,One-digit numbers,Complex actions,4
37 * 67,Addition and Subtraction of Single Digits,One-digit numbers,Simple actions,4
39 * 18,Addition and Subtraction of Single Digits,Two-digit numbers,Complex actions,6
47 - 86,Solving Equations with Unknown in Windowed Form,One-digit numbers,Simple actions,6
8 + 97,Addition and Subtraction of Single Digits,One-digit numbers,Simple actions,2
84 + 97,Multiplying Double Digits by 2,Two-digit numbers,Simple actions,6
59 + 8,Addition and Subtraction of Single Digits,Two-digit numbers,Simple actions,5
20 / 81,Multiplication and Division within Times Tables Range,One-digit numbers,Simple actions,2
28 - 25,Addition and Subtraction of Double Digits,One-digit numbers,Complex actions,4
87 / 92,Multiplication and Division within Times Tables Range,Two-digit numbers,Complex actions,2
65 + 18,Solving Equations with Unknown in Windowed Form,Two-digit numbers,Simple actions,1
82 - 70,Addition and Subtraction of Single Digits,One-digit numbers,Complex actions,6
65 + 58,Solving Equations with Unknown in Windowed Form,Two-digit numbers,Complex actions,2
76 * 31,Multiplication and Division within Times Tables Range,One-digit numbers,Complex actions,4
53 / 65,Multiplying Double Digits by 2,Two-digit numbers,Simple actions,4
87 - 92,Solving Equations with Unknown in Windowed Form,One-digit numbers,Simple actions,3
86 - 97,Addition and Subtraction of Single Digits,One-digit numbers,Complex actions,6
78 * 84,Addition and Subtraction of Double Digits,Two-digit numbers,Complex actions,3
96 * 51,Multiplying Double Digits by 2,One-digit numbers,Simple actions,1
47 / 20,Addition and Subtraction of Single Digits,Two-digit numbers,Complex actions,5
13 - 83,Multiplying Double Digits by 2,One-digit numbers,Simple actions,6
80 * 42,Multiplication and Division within Times Tables Range,Two-digit numbers,Simple actions,2
71 * 1,Multiplying Double Digits by 2,Two-digit numbers,Complex actions,4
79 * 86,Multiplication and Division within Times Tables Range,One-digit numbers,Complex actions,1
5 - 63,Addition and Subtraction of Single Digits,Two-digit numbers,Complex actions,6
91 - 95,Multiplication and Division within Times Tables Range,Two-digit numbers,Complex actions,2
27 * 45,Multiplication and Division within Times Tables Range,Two-digit numbers,Simple actions,2
20 - 48,Addition and Subtraction of Double Digits,Two-digit numbers,Complex actions,1
72 * 51,Multiplication and Division within Times Tables Range,Two-digit numbers,Simple actions,6
14 + 69,Solving Equations with Unknown in Windowed Form,One-digit numbers,Complex actions,4
46 * 36,Addition and Subtraction of Double Digits,One-digit numbers,Complex actions,4
67 - 12,Multiplying Double Digits by 2,Two-digit numbers,Complex actions,5
44 + 30,Addition and Subtraction of Double Digits,One-digit numbers,Simple actions,2
35 + 91,Addition and Subtraction of Double Digits,Two-digit numbers,Simple actions,2
71 + 74,Addition and Subtraction of Double Digits,One-digit numbers,Simple actions,5
87 - 80,Solving Equations with Unknown in Windowed Form,One-digit numbers,Simple actions,4
43 / 60,Addition and Subtraction of Double Digits,Two-digit numbers,Complex actions,3
79 / 55,Addition and Subtraction of Single Digits,Two-digit numbers,Complex actions,3
67 / 49,Addition and Subtraction of Single Digits,Two-digit numbers,Simple actions,1
3 * 70,Addition and Subtraction of Double Digits,Two-digit numbers,Complex actions,6
79 * 51,Multiplication and Division within Times Tables Range,One-digit numbers,Simple actions,1
22 / 78,Multiplication and Division within Times Tables Range,Two-digit numbers,Simple actions,4
64 - 78,Solving Equations with Unknown in Windowed Form,Two-digit numbers,Simple actions,4
80 * 99,Addition and Subtraction of Single Digits,Two-digit numbers,Complex actions,5
16 - 6,Addition and Subtraction of Single Digits,Two-digit numbers,Complex actions,2
66 / 5,Multiplying Double Digits by 2,One-digit numbers,Complex actions,5
15 * 88,Solving Equations with Unknown in Windowed Form,One-digit numbers,Complex actions,5
44 * 90,Solving Equations with Unknown in Windowed Form,Two-digit numbers,Simple actions,5
62 / 54,Solving Equations with Unknown in Windowed Form,One-digit numbers,Simple actions,3
33 + 2,Addition and Subtraction of Single Digits,One-digit numbers,Simple actions,3
99 / 92,Addition and Subtraction of Double Digits,Two-digit numbers,Simple actions,2
57 / 94,Addition and Subtraction of Double Digits,One-digit numbers,Complex actions,2
93 + 13,Addition and Subtraction of Double Digits,Two-digit numbers,Simple actions,6
2 + 96,Multiplying Double Digits by 2,One-digit numbers,Complex actions,1
91 / 98,Multiplication and Division within Times Tables Range,One-digit numbers,Simple actions,4
51 / 1,Addition and Subtraction of Double Digits,Two-digit numbers,Complex actions,2
49 * 61,Addition and Subtraction of Single Digits,Two-digit numbers,Complex actions,3
19 - 36,Solving Equations with Unknown in Windowed Form,One-digit numbers,Simple actions,2
21 + 96,Addition and Subtraction of Double Digits,One-digit numbers,Complex actions,1
63 / 66,Multiplying Double Digits by 2,One-digit numbers,Simple actions,6
91 / 74,Multiplication and Division within Times Tables Range,Two-digit numbers,Complex actions,2
41 / 64,Multiplication and Division within Times Tables Range,One-digit numbers,Simple actions,6
39 - 81,Multiplying Double Digits by 2,Two-digit numbers,Simple actions,4
92 - 42,Multiplying Double Digits by 2,One-digit numbers,Simple actions,2
99 / 19,Addition and Subtraction of Single Digits,Two-digit numbers,Simple actions,6
83 + 71,Addition and Subtraction of Single Digits,Two-digit numbers,Simple actions,1
95 * 38,Addition and Subtraction of Single Digits,Two-digit numbers,Complex actions,6
28 / 79,Addition and Subtraction of Single Digits,Two-digit numbers,Complex actions,1
3 * 39,Addition and Subtraction of Single Digits,Two-digit numbers,Simple actions,3
30 + 16,Multiplication and Division within Times Tables Range,One-digit numbers,Complex actions,3
92 / 51,Multiplying Double Digits by 2,One-digit numbers,Complex actions,5
73 - 54,Multiplying Double Digits by 2,Two-digit numbers,Simple actions,4
65 * 71,Addition and Subtraction of Single Digits,Two-digit numbers,Simple actions,4
33 / 8,Addition and Subtraction of Double Digits,Two-digit numbers,Complex actions,1
67 / 27,Addition and Subtraction of Single Digits,One-digit numbers,Simple actions,6
90 + 67,Addition and Subtraction of Double Digits,One-digit numbers,Complex actions,6
11 + 25,Multiplication and Division within Times Tables Range,One-digit numbers,Simple actions,3
88 - 11,Multiplication and Division within Times Tables Range,Two-digit numbers,Simple actions,5
16 / 92,Multiplication and Division within Times Tables Range,Two-digit numbers,Simple actions,2
81 + 7,Multiplication and Division within Times Tables Range,Two-digit numbers,Simple actions,3
92 + 54,Multiplication and Division within Times Tables Range,Two-digit numbers,Simple actions,3
21 + 31,Multiplying Double Digits by 2,Two-digit numbers,Simple actions,2
37 * 94,Addition and Subtraction of Single Digits,One-digit numbers,Simple actions,3
59 - 68,Addition and Subtraction of Single Digits,Two-digit numbers,Complex actions,3
3 / 66,Multiplication and Division within Times Tables Range,One-digit numbers,Complex actions,6
6 / 25,Multiplication and Division within Times Tables Range,One-digit numbers,Simple actions,4
71 + 48,Multiplication and Division within Times Tables Range,One-digit numbers,Simple actions,6
19 + 37,Multiplication and Division within Times Tables Range,Two-digit numbers,Simple actions,4
26 / 53,Addition and Subtraction of Double Digits,One-digit numbers,Complex actions,4
42 * 64,Solving Equations with Unknown in Windowed Form,One-digit numbers,Complex actions,5
93 / 56,Addition and Subtraction of Double Digits,Two-digit numbers,Simple actions,3
1 + 58,Multiplying Double Digits by 2,One-digit numbers,Simple actions,4
7 / 7,Multiplication and Division within Times Tables Range,One-digit numbers,Simple actions,3
66 * 26,Multiplication and Division within Times Tables Range,Two-digit numbers,Simple actions,6
30 * 49,Multiplying Double Digits by 2,Two-digit numbers,Simple actions,4
66 / 56,Multiplying Double Digits by 2,Two-digit numbers,Simple actions,4
35 + 59,Multiplication and Division within Times Tables Range,Two-digit numbers,Simple actions,3
88 + 1,Multiplying Double Digits by 2,One-digit numbers,Simple actions,2
30 + 58,Multiplication and Division within Times Tables Range,One-digit numbers,Simple actions,3
80 * 26,Multiplication and Division within Times Tables Range,Two-digit numbers,Simple actions,5
99 - 22,Multiplication and Division within Times Tables Range,One-digit numbers,Complex actions,5
5 + 83,Multiplication and Division within Times Tables Range,Two-digit numbers,Simple actions,5
84 * 75,Addition and Subtraction of Double Digits,Two-digit numbers,Complex actions,2
1 * 3,Addition and Subtraction of Double Digits,One-digit numbers,Simple actions,5
94 * 69,Multiplication and Division within Times Tables Range,Two-digit numbers,Simple actions,5
63 * 86,Multiplying Double Digits by 2,One-digit numbers,Complex actions,5
59 / 1,Multiplication and Division within Times Tables Range,One-digit numbers,Simple actions,2
62 + 95,Solving Equations with Unknown in Windowed Form,One-digit numbers,Complex actions,6
50 - 9,Addition and Subtraction of Single Digits,One-digit numbers,Simple actions,4
31 * 7,Multiplication and Division within Times Tables Range,Two-digit numbers,Complex actions,4
55 * 44,Addition and Subtraction of Single Digits,Two-digit numbers,Complex actions,3
41 - 33,Addition and Subtraction of Single Digits,One-digit numbers,Complex actions,5
69 + 75,Multiplication and Division within Times Tables Range,Two-digit numbers,Simple actions,3
57 / 44,Multiplying Double Digits by 2,Two-digit numbers,Complex actions,2
64 + 71,Multiplying Double Digits by 2,One-digit numbers,Complex actions,1
63 - 28,Multiplication and Division within Times Tables Range,One-digit numbers,Complex actions,4
91 + 39,Addition and Subtraction of Single Digits,Two-digit numbers,Complex actions,5
23 - 88,Multiplication and Division within Times Tables Range,One-digit numbers,Complex actions,1
10 * 86,Multiplication and Division within Times Tables Range,Two-digit numbers,Complex actions,6
44 / 53,Multiplication and Division within Times Tables Range,Two-digit numbers,Simple actions,3
36 * 7,Solving Equations with Unknown in Windowed Form,One-digit numbers,Simple actions,3
62 / 69,Solving Equations with Unknown in Windowed Form,Two-digit numbers,Simple actions,3
82 / 70,Solving Equations with Unknown in Windowed Form,Two-digit numbers,Simple actions,6
48 - 35,Multiplication and Division within Times Tables Range,Two-digit numbers,Simple actions,1
34 + 31,Multiplying Double Digits by 2,One-digit numbers,Complex actions,5
79 + 12,Multiplying Double Digits by 2,Two-digit numbers,Complex actions,2
67 + 59,Addition and Subtraction of Double Digits,Two-digit numbers,Simple actions,2
50 - 10,Multiplication and Division within Times Tables Range,One-digit numbers,Simple actions,1
31 * 31,Addition and Subtraction of Single Digits,Two-digit numbers,Simple actions,5
53 / 59,Multiplying Double Digits by 2,Two-digit numbers,Simple actions,5
3 - 70,Addition and Subtraction of Single Digits,One-digit numbers,Complex actions,6
26 / 61,Addition and Subtraction of Double Digits,Two-digit numbers,Simple actions,1
94 * 54,Solving Equations with Unknown in Windowed Form,Two-digit numbers,Simple actions,5
69 * 19,Multiplying Double Digits by 2,Two-digit numbers,Complex actions,6
76 - 54,Addition and Subtraction of Double Digits,Two-digit numbers,Simple actions,1
42 - 4,Solving Equations with Unknown in Windowed Form,Two-digit numbers,Complex actions,6
74 / 42,Multiplying Double Digits by 2,One-digit numbers,Complex actions,1
72 + 31,Multiplying Double Digits by 2,Two-digit numbers,Complex actions,4
39 / 40,Addition and Subtraction of Double Digits,Two-digit numbers,Simple actions,1
92 / 56,Multiplication and Division within Times Tables Range,One-digit numbers,Complex actions,4
98 - 44,Solving Equations with Unknown in Windowed Form,One-digit numbers,Simple actions,5
96 - 42,Addition and Subtraction of Single Digits,One-digit numbers,Complex actions,6
25 / 70,Addition and Subtraction of Single Digits,One-digit numbers,Complex actions,1
84 - 47,Addition and Subtraction of Double Digits,Two-digit numbers,Complex actions,2
26 * 90,Multiplying Double Digits by 2,Two-digit numbers,Complex actions,2
68 + 70,Multiplication and Division within Times Tables Range,One-digit numbers,Complex actions,4
96 * 99,Addition and Subtraction of Single Digits,Two-digit numbers,Simple actions,5
21 + 40,Multiplying Double Digits by 2,Two-digit numbers,Simple actions,1
72 * 69,Multiplication and Division within Times Tables Range,Two-digit numbers,Simple actions,2
7 - 89,Addition and Subtraction of Double Digits,Two-digit numbers,Complex actions,4
3 / 58,Addition and Subtraction of Single Digits,Two-digit numbers,Simple actions,1
25 - 67,Multiplying Double Digits by 2,Two-digit numbers,Complex actions,6
58 - 41,Addition and Subtraction of Double Digits,Two-digit numbers,Complex actions,4
42 + 56,Addition and Subtraction of Double Digits,One-digit numbers,Complex actions,6
34 + 50,Multiplying Double Digits by 2,Two-digit numbers,Simple actions,6
23 - 85,Solving Equations with Unknown in Windowed Form,One-digit numbers,Simple actions,2
63 - 25,Addition and Subtraction of Single Digits,One-digit numbers,Complex actions,4
78 - 65,Addition and Subtraction of Double Digits,One-digit numbers,Simple actions,1
13 / 23,Multiplication and Division within Times Tables Range,One-digit numbers,Complex actions,1
75 * 48,Multiplying Double Digits by 2,Two-digit numbers,Complex actions,4
49 - 43,Multiplication and Division within Times Tables Range,One-digit numbers,Simple actions,6
12 / 14,Solving Equations with Unknown in Windowed Form,One-digit numbers,Simple actions,3
58 / 11,Addition and Subtraction of Single Digits,One-digit numbers,Complex actions,1
22 * 12,Solving Equations with Unknown in Windowed Form,Two-digit numbers,Complex actions,1
72 * 88,Multiplication and Division within Times Tables Range,Two-digit numbers,Complex actions,2
54 * 24,Multiplication and Division within Times Tables Range,One-digit numbers,Complex actions,1
51 + 26,Addition and Subtraction of Single Digits,Two-digit numbers,Simple actions,4
6 / 79,Multiplication and Division within Times Tables Range,Two-digit numbers,Simple actions,5
27 + 44,Addition and Subtraction of Single Digits,One-digit numbers,Simple actions,3
16 * 44,Addition and Subtraction of Single Digits,One-digit numbers,Simple actions,2
35 - 64,Solving Equations with Unknown in Windowed Form,Two-digit numbers,Simple actions,4
85 + 54,Solving Equations with Unknown in Windowed Form,Two-digit numbers,Simple actions,2
6 + 10,Multiplying Double Digits by 2,Two-digit numbers,Simple actions,6
36 / 16,Addition and Subtraction of Single Digits,Two-digit numbers,Simple actions,5
46 / 4,Multiplication and Division within Times Tables Range,One-digit numbers,Complex actions,1
76 + 72,Addition and Subtraction of Single Digits,One-digit numbers,Complex actions,1
14 + 18,Addition and Subtraction of Double Digits,Two-digit numbers,Complex actions,5
99 + 70,Multiplying Double Digits by 2,Two-digit numbers,Complex actions,6
8 / 13,Addition and Subtraction of Single Digits,One-digit numbers,Simple actions,2
94 - 44,Addition and Subtraction of Double Digits,One-digit numbers,Simple actions,2
1 - 75,Multiplication and Division within Times Tables Range,Two-digit numbers,Complex actions,2
96 / 88,Addition and Subtraction of Double Digits,One-digit numbers,Complex actions,3
48 / 14,Multiplying Double Digits by 2,Two-digit numbers,Simple actions,6
49 / 18,Addition and Subtraction of Single Digits,Two-digit numbers,Complex actions,6
81 * 26,Addition and Subtraction of Double Digits,Two-digit numbers,Complex actions,3
32 / 58,Addition and Subtraction of Double Digits,Two-digit numbers,Complex actions,3
19 + 80,Addition and Subtraction of Double Digits,One-digit numbers,Complex actions,2
1 - 45,Multiplying Double Digits by 2,Two-digit numbers,Complex actions,4
39 - 74,Addition and Subtraction of Double Digits,One-digit numbers,Simple actions,6
93 + 64,Addition and Subtraction of Double Digits,Two-digit numbers,Simple actions,3
53 - 80,Multiplying Double Digits by 2,One-digit numbers,Complex actions,6
75 * 27,Addition and Subtraction of Double Digits,One-digit numbers,Simple actions,5
36 * 90,Multiplying Double Digits by 2,One-digit numbers,Complex actions,1
37 - 60,Addition and Subtraction of Single Digits,One-digit numbers,Simple actions,4
32 / 65,Multiplication and Division within Times Tables Range,One-digit numbers,Complex actions,2
34 - 64,Multiplying Double Digits by 2,Two-digit numbers,Complex actions,3
54 / 13,Multiplication and Division within Times Tables Range,One-digit numbers,Complex actions,2
46 - 40,Addition and Subtraction of Double Digits,One-digit numbers,Complex actions,4
81 - 21,Addition and Subtraction of Single Digits,Two-digit numbers,Simple actions,5
5 - 26,Multiplying Double Digits by 2,Two-digit numbers,Complex actions,4
98 * 92,Addition and Subtraction of Double Digits,One-digit numbers,Complex actions,3
83 - 34,Solving Equations with Unknown in Windowed Form,One-digit numbers,Complex actions,2
69 * 77,Solving Equations with Unknown in Windowed Form,One-digit numbers,Complex actions,1
13 * 24,Addition and Subtraction of Double Digits,Two-digit numbers,Simple actions,4
56 * 22,Addition and Subtraction of Double Digits,Two-digit numbers,Simple actions,4
92 / 84,Solving Equations with Unknown in Windowed Form,One-digit numbers,Complex actions,3
45 - 85,Multiplying Double Digits by 2,One-digit numbers,Simple actions,3
49 * 70,Multiplying Double Digits by 2,One-digit numbers,Complex actions,6
23 * 19,Addition and Subtraction of Single Digits,Two-digit numbers,Simple actions,6
84 - 10,Multiplication and Division within Times Tables Range,One-digit numbers,Complex actions,5
56 / 29,Multiplication and Division within Times Tables Range,One-digit numbers,Complex actions,5
42 + 37,Solving Equations with Unknown in Windowed Form,Two-digit numbers,Complex actions,5
95 / 70,Multiplying Double Digits by 2,One-digit numbers,Simple actions,3
14 * 90,Addition and Subtraction of Single Digits,Two-digit numbers,Simple actions,4
35 * 37,Addition and Subtraction of Double Digits,One-digit numbers,Complex actions,4
74 - 34,Multiplying Double Digits by 2,Two-digit numbers,Complex actions,6
12 - 70,Multiplication and Division within Times Tables Range,One-digit numbers,Complex actions,4
75 / 72,Addition and Subtraction of Single Digits,Two-digit numbers,Simple actions,2
51 * 88,Addition and Subtraction of Single Digits,Two-digit numbers,Simple actions,1
12 - 22,Multiplying Double Digits by 2,Two-digit numbers,Simple actions,6
6 / 48,Multiplying Double Digits by 2,Two-digit numbers,Simple actions,4
63 + 96,Multiplication and Division within Times Tables Range,Two-digit numbers,Simple actions,3
42 * 48,Multiplying Double Digits by 2,One-digit numbers,Complex actions,5
42 * 65,Addition and Subtraction of Double Digits,One-digit numbers,Complex actions,5
12 - 3,Addition and Subtraction of Single Digits,Two-digit numbers,Simple actions,2
47 * 13,Multiplying Double Digits by 2,One-digit numbers,Complex actions,2
75 + 32,Solving Equations with Unknown in Windowed Form,One-digit numbers,Complex actions,3
8 / 29,Addition and Subtraction of Double Digits,One-digit numbers,Complex actions,2
83 + 5,Addition and Subtraction of Double Digits,Two-digit numbers,Complex actions,1
94 - 93,Solving Equations with Unknown in Windowed Form,Two-digit numbers,Simple actions,4
62 * 87,Multiplication and Division within Times Tables Range,Two-digit numbers,Complex actions,5
14 - 66,Multiplying Double Digits by 2,One-digit numbers,Complex actions,3
77 / 63,Multiplication and Division within Times Tables Range,Two-digit numbers,Complex actions,4
15 + 17,Multiplication and Division within Times Tables Range,One-digit numbers,Complex actions,5
22 - 33,Solving Equations with Unknown in Windowed Form,One-digit numbers,Complex actions,3
19 / 65,Multiplying Double Digits by 2,Two-digit numbers,Simple actions,5
28 * 94,Addition and Subtraction of Single Digits,Two-digit numbers,Complex actions,3
81 + 39,Multiplying Double Digits by 2,Two-digit numbers,Simple actions,5
88 - 57,Solving Equations with Unknown in Windowed Form,Two-digit numbers,Complex actions,3
27 * 64,Multiplication and Division within Times Tables Range,One-digit numbers,Simple actions,4
24 / 8,Multiplying Double Digits by 2,Two-digit numbers,Complex actions,1
82 - 48,Solving Equations with Unknown in Windowed Form,Two-digit numbers,Complex actions,6
27 * 51,Addition and Subtraction of Double Digits,Two-digit numbers,Complex actions,4
19 - 71,Multiplying Double Digits by 2,Two-digit numbers,Complex actions,3
14 / 58,Multiplication and Division within Times Tables Range,Two-digit numbers,Simple actions,6
37 / 62,Multiplying Double Digits by 2,One-digit numbers,Simple actions,5
71 + 33,Addition and Subtraction of Single Digits,One-digit numbers,Simple actions,6
19 + 15,Solving Equations with Unknown in Windowed Form,Two-digit numbers,Simple actions,4
31 + 38,Multiplication and Division within Times Tables Range,One-digit numbers,Complex actions,5
45 + 23,Multiplying Double Digits by 2,Two-digit numbers,Simple actions,5
78 / 17,Addition and Subtraction of Double Digits,Two-digit numbers,Complex actions,2
4 * 18,Multiplication and Division within Times Tables Range,One-digit numbers,Simple actions,4
62 / 93,Multiplication and Division within Times Tables Range,One-digit numbers,Complex actions,5
31 - 30,Addition and Subtraction of Single Digits,Two-digit numbers,Complex actions,2
48 - 58,Solving Equations with Unknown in Windowed Form,One-digit numbers,Complex actions,6
60 + 67,Addition and Subtraction of Single Digits,Two-digit numbers,Complex actions,2
91 + 76,Solving Equations with Unknown in Windowed Form,One-digit numbers,Complex actions,2
75 * 64,Addition and Subtraction of Double Digits,Two-digit numbers,Simple actions,3
83 + 28,Multiplying Double Digits by 2,Two-digit numbers,Simple actions,6
76 * 65,Addition and Subtraction of Single Digits,Two-digit numbers,Simple actions,4
62 - 15,Addition and Subtraction of Single Digits,Two-digit numbers,Complex actions,5
25 + 28,Addition and Subtraction of Double Digits,One-digit numbers,Simple actions,4
25 * 40,Multiplication and Division within Times Tables Range,One-digit numbers,Complex actions,6
41 * 7,Multiplying Double Digits by 2,One-digit numbers,Simple actions,5
13 * 19,Addition and Subtraction of Double Digits,Two-digit numbers,Complex actions,2
62 / 69,Addition and Subtraction of Double Digits,Two-digit numbers,Simple actions,1
19 * 21,Multiplying Double Digits by 2,One-digit numbers,Complex actions,2
50 * 5,Addition and Subtraction of Single Digits,One-digit numbers,Simple actions,2
57 - 74,Addition and Subtraction of Single Digits,Two-digit numbers,Simple actions,4
49 * 32,Solving Equations with Unknown in Windowed Form,One-digit numbers,Complex actions,4
31 / 6,Multiplying Double Digits by 2,One-digit numbers,Complex actions,5
12 * 45,Multiplication and Division within Times Tables Range,One-digit numbers,Complex actions,5
82 + 29,Multiplication and Division within Times Tables Range,Two-digit numbers,Complex actions,2
98 * 92,Multiplication and Division within Times Tables Range,One-digit numbers,Complex actions,3
24 + 38,Multiplying Double Digits by 2,One-digit numbers,Complex actions,4
58 - 61,Multiplying Double Digits by 2,One-digit numbers,Simple actions,2
73 + 79,Multiplying Double Digits by 2,Two-digit numbers,Complex actions,1
8 / 74,Addition and Subtraction of Double Digits,One-digit numbers,Complex actions,2
18 - 76,Multiplication and Division within Times Tables Range,One-digit numbers,Simple actions,5
72 / 92,Multiplying Double Digits by 2,Two-digit numbers,Complex actions,6
7 - 98,Multiplication and Division within Times Tables Range,One-digit numbers,Simple actions,3
95 - 80,Addition and Subtraction of Double Digits,One-digit numbers,Simple actions,6
39 / 55,Addition and Subtraction of Single Digits,One-digit numbers,Complex actions,4
17 - 61,Solving Equations with Unknown in Windowed Form,Two-digit numbers,Simple actions,6
54 - 22,Addition and Subtraction of Double Digits,One-digit numbers,Complex actions,3
74 + 20,Multiplying Double Digits by 2,One-digit numbers,Complex actions,2
3 + 9,Solving Equations with Unknown in Windowed Form,One-digit numbers,Simple actions,3
18 / 28,Solving Equations with Unknown in Windowed Form,One-digit numbers,Simple actions,2
72 - 78,Addition and Subtraction of Single Digits,One-digit numbers,Simple actions,4
74 + 9,Solving Equations with Unknown in Windowed Form,Two-digit numbers,Complex actions,2
42 + 65,Solving Equations with Unknown in Windowed Form,Two-digit numbers,Complex actions,5
59 + 9,Multiplying Double Digits by 2,One-digit numbers,Simple actions,6
54 / 39,Addition and Subtraction of Double Digits,Two-digit numbers,Complex actions,4
32 / 54,Multiplication and Division within Times Tables Range,Two-digit numbers,Complex actions,4
92 * 29,Solving Equations with Unknown in Windowed Form,Two-digit numbers,Complex actions,4
16 - 77,Solving Equations with Unknown in Windowed Form,Two-digit numbers,Complex actions,2
75 * 75,Multiplication and Division within Times Tables Range,One-digit numbers,Simple actions,4
94 + 27,Multiplication and Division within Times Tables Range,Two-digit numbers,Complex actions,2
34 / 27,Multiplying Double Digits by 2,One-digit numbers,Complex actions,1
44 / 58,Solving Equations with Unknown in Windowed Form,One-digit numbers,Simple actions,3
16 / 89,Addition and Subtraction of Double Digits,Two-digit numbers,Complex actions,1
34 / 13,Multiplication and Division within Times Tables Range,Two-digit numbers,Simple actions,1
27 * 72,Addition and Subtraction of Single Digits,One-digit numbers,Complex actions,4
30 - 46,Addition and Subtraction of Single Digits,One-digit numbers,Simple actions,3
74 / 46,Multiplying Double Digits by 2,Two-digit numbers,Simple actions,6
24 / 81,Multiplying Double Digits by 2,Two-digit numbers,Simple actions,5
9 * 15,Addition and Subtraction of Single Digits,One-digit numbers,Complex actions,2
84 / 1,Solving Equations with Unknown in Windowed Form,One-digit numbers,Complex actions,4
75 / 17,Solving Equations with Unknown in Windowed Form,One-digit numbers,Simple actions,2
19 - 29,Addition and Subtraction of Double Digits,One-digit numbers,Complex actions,4
88 / 68,Addition and Subtraction of Single Digits,Two-digit numbers,Simple actions,5
47 + 82,Addition and Subtraction of Double Digits,Two-digit numbers,Complex actions,3
14 - 50,Addition and Subtraction of Double Digits,Two-digit numbers,Simple actions,1
53 / 12,Solving Equations with Unknown in Windowed Form,One-digit numbers,Simple actions,3
31 + 52,Addition and Subtraction of Double Digits,Two-digit numbers,Simple actions,4
59 * 44,Multiplying Double Digits by 2,Two-digit numbers,Simple actions,4
96 + 97,Addition and Subtraction of Double Digits,Two-digit numbers,Simple actions,3
96 - 31,Addition and Subtraction of Double Digits,Two-digit numbers,Complex actions,5
46 * 72,Addition and Subtraction of Single Digits,Two-digit numbers,Simple actions,5
5 * 17,Multiplying Double Digits by 2,One-digit numbers,Simple actions,2
2 + 78,Addition and Subtraction of Double Digits,One-digit numbers,Complex actions,4
49 - 59,Multiplying Double Digits by 2,One-digit numbers,Complex actions,1
97 + 56,Addition and Subtraction of Single Digits,Two-digit numbers,Complex actions,1
52 - 23,Addition and Subtraction of Single Digits,One-digit numbers,Simple actions,4
76 - 72,Multiplication and Division within Times Tables Range,Two-digit numbers,Simple actions,6
38 - 82,Multiplication and Division within Times Tables Range,Two-digit numbers,Simple actions,6
66 - 6,Solving Equations with Unknown in Windowed Form,Two-digit numbers,Simple actions,2
15 * 18,Multiplication and Division within Times Tables Range,One-digit numbers,Simple actions,2
51 - 79,Multiplying Double Digits by 2,One-digit numbers,Complex actions,1
50 / 41,Multiplication and Division within Times Tables Range,One-digit numbers,Complex actions,4
23 / 6,Solving Equations with Unknown in Windowed Form,One-digit numbers,Complex actions,2
72 + 88,Multiplying Double Digits by 2,Two-digit numbers,Complex actions,3
88 * 89,Addition and Subtraction of Single Digits,Two-digit numbers,Simple actions,3
92 / 38,Multiplication and Division within Times Tables Range,One-digit numbers,Simple actions,6
11 - 6,Multiplication and Division within Times Tables Range,One-digit numbers,Complex actions,3
74 - 79,Addition and Subtraction of Single Digits,Two-digit numbers,Complex actions,4
49 * 39,Addition and Subtraction of Double Digits,One-digit numbers,Complex actions,1
82 / 63,Solving Equations with Unknown in Windowed Form,Two-digit numbers,Simple actions,4
46 - 57,Multiplication and Division within Times Tables Range,Two-digit numbers,Complex actions,1
7 - 96,Solving Equations with Unknown in Windowed Form,Two-digit numbers,Complex actions,4
54 - 65,Multiplying Double Digits by 2,One-digit numbers,Simple actions,3
43 * 69,Addition and Subtraction of Single Digits,Two-digit numbers,Complex actions,3
68 + 45,Addition and Subtraction of Double Digits,One-digit numbers,Simple actions,6
40 / 64,Multiplication and Division within Times Tables Range,One-digit numbers,Complex actions,2
88 - 17,Addition and Subtraction of Double Digits,Two-digit numbers,Complex actions,1
91 / 58,Addition and Subtraction of Single Digits,Two-digit numbers,Complex actions,3
72 * 70,Multiplying Double Digits by 2,Two-digit numbers,Simple actions,3
85 * 62,Addition and Subtraction of Single Digits,Two-digit numbers,Simple actions,1
34 + 64,Addition and Subtraction of Single Digits,Two-digit numbers,Complex actions,6
4 + 62,Addition and Subtraction of Single Digits,One-digit numbers,Simple actions,4
51 / 56,Multiplying Double Digits by 2,Two-digit numbers,Complex actions,6
94 * 44,Solving Equations with Unknown in Windowed Form,One-digit numbers,Complex actions,2
99 * 89,Multiplying Double Digits by 2,Two-digit numbers,Simple actions,3
76 + 83,Multiplication and Division within Times Tables Range,One-digit numbers,Simple actions,4
66 / 13,Multiplication and Division within Times Tables Range,Two-digit numbers,Complex actions,4
59 - 11,Addition and Subtraction of Double Digits,One-digit numbers,Simple actions,1
87 - 55,Addition and Subtraction of Single Digits,Two-digit numbers,Simple actions,6
91 + 98,Multiplication and Division within Times Tables Range,Two-digit numbers,Simple actions,1
26 / 84,Multiplying Double Digits by 2,One-digit numbers,Simple actions,3
95 - 6,Addition and Subtraction of Single Digits,Two-digit numbers,Simple actions,4
30 * 53,Addition and Subtraction of Single Digits,One-digit numbers,Simple actions,1
44 * 63,Solving Equations with Unknown in Windowed Form,One-digit numbers,Complex actions,5
18 + 96,Solving Equations with Unknown in Windowed Form,One-digit numbers,Simple actions,6
54 - 21,Multiplication and Division within Times Tables Range,Two-digit numbers,Complex actions,6
67 - 39,Addition and Subtraction of Single Digits,Two-digit numbers,Complex actions,6
94 - 24,Solving Equations with Unknown in Windowed Form,Two-digit numbers,Complex actions,1
50 * 3,Multiplying Double Digits by 2,Two-digit numbers,Complex actions,3
34 - 63,Addition and Subtraction of Double Digits,Two-digit numbers,Simple actions,4
82 * 83,Multiplication and Division within Times Tables Range,Two-digit numbers,Complex actions,5
78 + 44,Solving Equations with Unknown in Windowed Form,One-digit numbers,Simple actions,3
22 + 28,Multiplication and Division within Times Tables Range,Two-digit numbers,Complex actions,3
36 * 30,Addition and Subtraction of Double Digits,One-digit numbers,Complex actions,5
12 - 37,Solving Equations with Unknown in Windowed Form,Two-digit numbers,Simple actions,5
39 + 32,Addition and Subtraction of Double Digits,One-digit numbers,Simple actions,5
97 * 81,Addition and Subtraction of Double Digits,Two-digit numbers,Complex actions,5
67 + 77,Multiplying Double Digits by 2,Two-digit numbers,Simple actions,2
3 / 10,Addition and Subtraction of Single Digits,Two-digit numbers,Simple actions,4
17 + 34,Solving Equations with Unknown in Windowed Form,Two-digit numbers,Complex actions,1
16 / 47,Multiplying Double Digits by 2,One-digit numbers,Complex actions,6
24 / 13,Solving Equations with Unknown in Windowed Form,Two-digit numbers,Simple actions,4
1 + 92,Multiplying Double Digits by 2,One-digit numbers,Complex actions,4
66 * 77,Addition and Subtraction of Double Digits,One-digit numbers,Complex actions,1
61 * 45,Multiplying Double Digits by 2,Two-digit numbers,Complex actions,6
97 * 72,Addition and Subtraction of Double Digits,Two-digit numbers,Simple actions,3
76 / 86,Multiplying Double Digits by 2,Two-digit numbers,Complex actions,3
78 - 25,Addition and Subtraction of Single Digits,One-digit numbers,Simple actions,4
81 + 49,Addition and Subtraction of Single Digits,One-digit numbers,Simple actions,1
88 + 91,Multiplying Double Digits by 2,One-digit numbers,Complex actions,5
45 - 41,Addition and Subtraction of Single Digits,One-digit numbers,Simple actions,5
94 + 47,Addition and Subtraction of Single Digits,Two-digit numbers,Simple actions,2
88 + 29,Addition and Subtraction of Single Digits,One-digit numbers,Complex actions,3
36 - 67,Multiplication and Division within Times Tables Range,Two-digit numbers,Complex actions,5
82 * 76,Addition and Subtraction of Double Digits,Two-digit numbers,Complex actions,4
52 * 40,Addition and Subtraction of Single Digits,One-digit numbers,Complex actions,6
2 + 43,Multiplying Double Digits by 2,Two-digit numbers,Complex actions,4
38 * 52,Addition and Subtraction of Double Digits,Two-digit numbers,Complex actions,3
65 * 21,Addition and Subtraction of Single Digits,One-digit numbers,Complex actions,5
37 + 2,Addition and Subtraction of Single Digits,One-digit numbers,Simple actions,3
97 * 28,Solving Equations with Unknown in Windowed Form,Two-digit numbers,Simple actions,2
36 - 92,Multiplying Double Digits by 2,One-digit numbers,Complex actions,2
84 - 91,Solving Equations with Unknown in Windowed Form,One-digit numbers,Simple actions,6
31 + 33,Addition and Subtraction of Double Digits,Two-digit numbers,Complex actions,3
57 * 84,Addition and Subtraction of Single Digits,Two-digit numbers,Complex actions,1
6 - 37,Addition and Subtraction of Single Digits,One-digit numbers,Simple actions,4
37 + 62,Addition and Subtraction of Single Digits,Two-digit numbers,Simple actions,1
61 / 26,Solving Equations with Unknown in Windowed Form,Two-digit numbers,Simple actions,4
48 * 89,Addition and Subtraction of Double Digits,Two-digit numbers,Simple actions,6
8 * 39,Multiplication and Division within Times Tables Range,One-digit numbers,Complex actions,3
40 - 31,Solving Equations with Unknown in Windowed Form,Two-digit numbers,Complex actions,6
98 + 98,Multiplication and Division within Times Tables Range,One-digit numbers,Complex actions,6
98 + 71,Addition and Subtraction of Single Digits,One-digit numbers,Simple actions,1
60 + 75,Solving Equations with Unknown in Windowed Form,Two-digit numbers,Simple actions,2
3 + 58,Addition and Subtraction of Double Digits,Two-digit numbers,Simple actions,2
37 - 82,Addition and Subtraction of Double Digits,Two-digit numbers,Complex actions,5
2 / 94,Multiplying Double Digits by 2,One-digit numbers,Simple actions,3
72 / 38,Multiplying Double Digits by 2,Two-digit numbers,Simple actions,6
59 * 86,Multiplying Double Digits by 2,One-digit numbers,Complex actions,2
95 + 43,Addition and Subtraction of Double Digits,Two-digit numbers,Complex actions,2
79 - 38,Solving Equations with Unknown in Windowed Form,Two-digit numbers,Simple actions,2
77 / 8,Addition and Subtraction of Single Digits,One-digit numbers,Complex actions,6
69 * 97,Addition and Subtraction of Single Digits,Two-digit numbers,Complex actions,2
66 * 94,Multiplying Double Digits by 2,Two-digit numbers,Complex actions,1
87 - 82,Multiplication and Division within Times Tables Range,One-digit numbers,Simple actions,2
68 / 58,Multiplication and Division within Times Tables Range,One-digit numbers,Complex actions,3
75 / 92,Addition and Subtraction of Single Digits,One-digit numbers,Simple actions,2
72 / 7,Addition and Subtraction of Double Digits,One-digit numbers,Simple actions,3
81 / 3,Addition and Subtraction of Double Digits,One-digit numbers,Simple actions,1
21 + 66,Addition and Subtraction of Double Digits,Two-digit numbers,Complex actions,1
56 + 39,Addition and Subtraction of Single Digits,Two-digit numbers,Simple actions,3
47 - 70,Multiplication and Division within Times Tables Range,One-digit numbers,Complex actions,6
44 * 45,Addition and Subtraction of Double Digits,Two-digit numbers,Simple actions,5
44 * 3,Addition and Subtraction of Double Digits,Two-digit numbers,Simple actions,3
15 / 3,Multiplying Double Digits by 2,One-digit numbers,Simple actions,4
3 / 27,Multiplying Double Digits by 2,Two-digit numbers,Complex actions,6
26 * 42,Addition and Subtraction of Single Digits,One-digit numbers,Simple actions,5
8 / 56,Addition and Subtraction of Double Digits,Two-digit numbers,Complex actions,2
45 * 79,Multiplication and Division within Times Tables Range,One-digit numbers,Simple actions,5
44 / 95,Solving Equations with Unknown in Windowed Form,Two-digit numbers,Simple actions,2
30 + 57,Solving Equations with Unknown in Windowed Form,Two-digit numbers,Simple actions,6
96 + 11,Multiplying Double Digits by 2,One-digit numbers,Complex actions,1
18 * 20,Addition and Subtraction of Double Digits,Two-digit numbers,Simple actions,1
68 * 43,Multiplying Double Digits by 2,Two-digit numbers,Complex actions,3
18 + 92,Addition and Subtraction of Double Digits,Two-digit numbers,Complex actions,4
7 + 55,Multiplying Double Digits by 2,One-digit numbers,Complex actions,4
55 + 27,Multiplying Double Digits by 2,Two-digit numbers,Complex actions,1
24 * 76,Addition and Subtraction of Double Digits,Two-digit numbers,Complex actions,1
61 / 90,Solving Equations with Unknown in Windowed Form,One-digit numbers,Complex actions,1
5 + 8,Addition and Subtraction of Single Digits,One-digit numbers,Complex actions,2
25 * 71,Addition and Subtraction of Double Digits,Two-digit numbers,Complex actions,5
19 - 56,Solving Equations with Unknown in Windowed Form,One-digit numbers,Simple actions,5
6 / 39,Multiplication and Division within Times Tables Range,Two-digit numbers,Complex actions,4
87 + 20,Multiplying Double Digits by 2,Two-digit numbers,Simple actions,6
31 - 12,Addition and Subtraction of Single Digits,Two-digit numbers,Simple actions,6
5 / 84,Solving Equations with Unknown in Windowed Form,One-digit numbers,Complex actions,6
82 * 57,Multiplication and Division within Times Tables Range,One-digit numbers,Simple actions,1
8 / 24,Multiplication and Division within Times Tables Range,One-digit numbers,Simple actions,1
52 * 53,Addition and Subtraction of Single Digits,Two-digit numbers,Complex actions,6
36 / 14,Multiplication and Division within Times Tables Range,Two-digit numbers,Simple actions,4
27 * 6,Solving Equations with Unknown in Windowed Form,Two-digit numbers,Simple actions,6
12 / 36,Addition and Subtraction of Double Digits,Two-digit numbers,Simple actions,5
20 - 89,Multiplying Double Digits by 2,Two-digit numbers,Complex actions,5
40 + 48,Addition and Subtraction of Single Digits,Two-digit numbers,Complex actions,1
62 - 99,Addition and Subtraction of Double Digits,One-digit numbers,Complex actions,4
81 + 41,Multiplying Double Digits by 2,Two-digit numbers,Complex actions,4
91 - 32,Multiplying Double Digits by 2,One-digit numbers,Complex actions,5
80 * 36,Multiplication and Division within Times Tables Range,One-digit numbers,Simple actions,3
45 / 86,Addition and Subtraction of Single Digits,One-digit numbers,Simple actions,1
74 * 34,Solving Equations with Unknown in Windowed Form,Two-digit numbers,Complex actions,5
49 - 84,Multiplying Double Digits by 2,Two-digit numbers,Simple actions,2
95 - 3,Multiplication and Division within Times Tables Range,Two-digit numbers,Simple actions,4
55 - 58,Multiplying Double Digits by 2,Two-digit numbers,Simple actions,1
18 * 12,Addition and Subtraction of Double Digits,Two-digit numbers,Simple actions,2
37 * 13,Multiplication and Division within Times Tables Range,Two-digit numbers,Complex actions,2
62 + 35,Multiplication and Division within Times Tables Range,Two-digit numbers,Simple actions,3
35 / 60,Addition and Subtraction of Double Digits,One-digit numbers,Complex actions,2
52 / 71,Addition and Subtraction of Single Digits,One-digit numbers,Simple actions,3
38 + 22,Addition and Subtraction of Double Digits,Two-digit numbers,Complex actions,4
49 * 83,Multiplication and Division within Times Tables Range,Two-digit numbers,Complex actions,3
50 + 45,Multiplication and Division within Times Tables Range,One-digit numbers,Complex actions,3
31 * 25,Solving Equations with Unknown in Windowed Form,One-digit numbers,Simple actions,2
16 / 60,Addition and Subtraction of Single Digits,One-digit numbers,Complex actions,1
73 * 30,Multiplication and Division within Times Tables Range,Two-digit numbers,Complex actions,6
46 * 65,Multiplying Double Digits by 2,One-digit numbers,Complex actions,2
76 / 99,Addition and Subtraction of Double Digits,One-digit numbers,Complex actions,3
21 * 57,Multiplying Double Digits by 2,Two-digit numbers,Simple actions,5
4 + 4,Multiplying Double Digits by 2,One-digit numbers,Simple actions,4
66 * 38,Addition and Subtraction of Single Digits,One-digit numbers,Simple actions,1
10 - 44,Addition and Subtraction of Double Digits,One-digit numbers,Complex actions,2
95 + 50,Multiplying Double Digits by 2,Two-digit numbers,Simple actions,2
78 + 59,Addition and Subtraction of Double Digits,One-digit numbers,Complex actions,3
80 - 14,Solving Equations with Unknown in Windowed Form,One-digit numbers,Simple actions,6
11 + 50,Addition and Subtraction of Double Digits,Two-digit numbers,Complex actions,5
43 / 68,Addition and Subtraction of Double Digits,Two-digit numbers,Simple actions,3
78 * 42,Addition and Subtraction of Double Digits,Two-digit numbers,Simple actions,6
2 + 81,Solving Equations with Unknown in Windowed Form,One-digit numbers,Complex actions,4
70 / 25,Solving Equations with Unknown in Windowed Form,Two-digit numbers,Complex actions,1
62 + 71,Addition and Subtraction of Single Digits,One-digit numbers,Complex actions,6
40 + 41,Addition and Subtraction of Double Digits,Two-digit numbers,Complex actions,2
68 / 58,Addition and Subtraction of Single Digits,One-digit numbers,Complex actions,3
53 / 62,Multiplication and Division within Times Tables Range,Two-digit numbers,Simple actions,2
66 * 93,Multiplying Double Digits by 2,Two-digit numbers,Complex actions,1
5 * 90,Solving Equations with Unknown in Windowed Form,One-digit numbers,Complex actions,1
26 - 85,Multiplication and Division within Times Tables Range,One-digit numbers,Complex actions,3
77 / 9,Addition and Subtraction of Double Digits,Two-digit numbers,Simple actions,3
21 + 17,Multiplying Double Digits by 2,Two-digit numbers,Simple actions,5
23 / 64,Addition and Subtraction of Double Digits,Two-digit numbers,Complex actions,4
9 * 22,Multiplying Double Digits by 2,Two-digit numbers,Simple actions,1
89 * 20,Multiplying Double Digits by 2,Two-digit numbers,Complex actions,3
21 + 9,Addition and Subtraction of Single Digits,One-digit numbers,Simple actions,6
6 / 63,Multiplying Double Digits by 2,Two-digit numbers,Simple actions,4
97 - 12,Addition and Subtraction of Single Digits,One-digit numbers,Simple actions,2
56 + 47,Addition and Subtraction of Double Digits,One-digit numbers,Simple actions,1
77 / 7,Multiplication and Division within Times Tables Range,One-digit numbers,Simple actions,5
46 * 69,Addition and Subtraction of Double Digits,One-digit numbers,Simple actions,6
55 * 99,Multiplying Double Digits by 2,Two-digit numbers,Simple actions,1
36 + 2,Multiplication and Division within Times Tables Range,One-digit numbers,Complex actions,1
10 + 79,Multiplication and Division within Times Tables Range,Two-digit numbers,Complex actions,2
1 + 82,Addition and Subtraction of Single Digits,Two-digit numbers,Complex actions,2
94 * 2,Multiplication and Division within Times Tables Range,One-digit numbers,Simple actions,5
49 + 21,Addition and Subtraction of Single Digits,Two-digit numbers,Simple actions,2
8 / 66,Addition and Subtraction of Single Digits,One-digit numbers,Complex actions,1
78 * 98,Addition and Subtraction of Double Digits,One-digit numbers,Complex actions,1
6 / 98,Solving Equations with Unknown in Windowed Form,Two-digit numbers,Complex actions,5
56 / 99,Solving Equations with Unknown in Windowed Form,Two-digit numbers,Simple actions,4
25 / 19,Addition and Subtraction of Double Digits,Two-digit numbers,Simple actions,3
88 + 72,Addition and Subtraction of Single Digits,Two-digit numbers,Simple actions,5
70 + 77,Addition and Subtraction of Double Digits,One-digit numbers,Complex actions,1
6 / 8,Multiplying Double Digits by 2,One-digit numbers,Complex actions,1
66 / 30,Addition and Subtraction of Double Digits,Two-digit numbers,Complex actions,2
19 / 41,Multiplication and Division within Times Tables Range,One-digit numbers,Simple actions,2
26 + 87,Multiplication and Division within Times Tables Range,One-digit numbers,Simple actions,4
86 * 61,Multiplication and Division within Times Tables Range,Two-digit numbers,Simple actions,6
31 + 46,Addition and Subtraction of Double Digits,One-digit numbers,Complex actions,3
83 - 40,Addition and Subtraction of Double Digits,One-digit numbers,Simple actions,6
67 - 39,Addition and Subtraction of Single Digits,One-digit numbers,Simple actions,6
15 * 5,Addition and Subtraction of Single Digits,One-digit numbers,Complex actions,4
69 / 34,Addition and Subtraction of Double Digits,One-digit numbers,Complex actions,3
89 + 66,Addition and Subtraction of Single Digits,One-digit numbers,Complex actions,5
29 / 77,Addition and Subtraction of Double Digits,One-digit numbers,Complex actions,2
18 / 46,Multiplying Double Digits by 2,Two-digit numbers,Simple actions,3
40 - 33,Multiplying Double Digits by 2,Two-digit numbers,Complex actions,1
98 - 99,Multiplying Double Digits by 2,One-digit numbers,Complex actions,2
21 / 41,Multiplication and Division within Times Tables Range,Two-digit numbers,Complex actions,5
42 / 1,Solving Equations with Unknown in Windowed Form,One-digit numbers,Complex actions,5
55 - 59,Multiplying Double Digits by 2,One-digit numbers,Simple actions,5
27 * 64,Addition and Subtraction of Double Digits,One-digit numbers,Simple actions,6
46 + 63,Solving Equations with Unknown in Windowed Form,Two-digit numbers,Complex actions,4
56 * 89,Multiplying Double Digits by 2,Two-digit numbers,Complex actions,6
20 / 67,Addition and Subtraction of Double Digits,One-digit numbers,Simple actions,3
14 + 10,Multiplying Double Digits by 2,Two-digit numbers,Complex actions,1
74 + 20,Solving Equations with Unknown in Windowed Form,Two-digit numbers,Simple actions,1
19 - 90,Multiplication and Division within Times Tables Range,One-digit numbers,Simple actions,3
59 - 5,Addition and Subtraction of Single Digits,Two-digit numbers,Simple actions,3
10 - 19,Addition and Subtraction of Single Digits,Two-digit numbers,Complex actions,4
44 - 85,Solving Equations with Unknown in Windowed Form,Two-digit numbers,Simple actions,6
95 - 18,Addition and Subtraction of Single Digits,One-digit numbers,Complex actions,4
72 - 98,Solving Equations with Unknown in Windowed Form,Two-digit numbers,Complex actions,6
53 - 50,Addition and Subtraction of Single Digits,One-digit numbers,Simple actions,3
49 + 28,Multiplying Double Digits by 2,One-digit numbers,Simple actions,2
29 * 49,Solving Equations with Unknown in Windowed Form,Two-digit numbers,Simple actions,2
43 * 75,Multiplication and Division within Times Tables Range,One-digit numbers,Simple actions,1
22 - 50,Solving Equations with Unknown in Windowed Form,Two-digit numbers,Complex actions,3
76 / 17,Multiplying Double Digits by 2,One-digit numbers,Complex actions,1
94 - 38,Addition and Subtraction of Single Digits,One-digit numbers,Complex actions,5
7 + 85,Addition and Subtraction of Double Digits,One-digit numbers,Simple actions,1
11 - 31,Multiplying Double Digits by 2,Two-digit numbers,Complex actions,4
24 * 94,Solving Equations with Unknown in Windowed Form,One-digit numbers,Simple actions,6
64 - 37,Addition and Subtraction of Double Digits,One-digit numbers,Simple actions,3
30 * 76,Multiplication and Division within Times Tables Range,One-digit numbers,Simple actions,6
21 + 73,Multiplication and Division within Times Tables Range,One-digit numbers,Complex actions,2
26 * 94,Addition and Subtraction of Single Digits,One-digit numbers,Simple actions,1
49 * 66,Multiplication and Division within Times Tables Range,One-digit numbers,Simple actions,5
3 / 59,Multiplying Double Digits by 2,One-digit numbers,Simple actions,4
94 + 16,Solving Equations with Unknown in Windowed Form,Two-digit numbers,Complex actions,5
18 - 18,Solving Equations with Unknown in Windowed Form,One-digit numbers,Simple actions,2
4 + 56,Multiplying Double Digits by 2,Two-digit numbers,Complex actions,6
38 - 13,Multiplication and Division within Times Tables Range,Two-digit numbers,Complex actions,5
95 - 10,Multiplying Double Digits by 2,One-digit numbers,Complex actions,4
19 + 25,Addition and Subtraction of Double Digits,Two-digit numbers,Simple actions,6
93 - 33,Addition and Subtraction of Double Digits,Two-digit numbers,Simple actions,1
59 / 72,Solving Equations with Unknown in Windowed Form,Two-digit numbers,Simple actions,3
43 * 92,Multiplication and Division within Times Tables Range,One-digit numbers,Complex actions,5
39 - 55,Solving Equations with Unknown in Windowed Form,Two-digit numbers,Complex actions,4
8 - 23,Addition and Subtraction of Single Digits,Two-digit numbers,Simple actions,1
84 - 52,Addition and Subtraction of Double Digits,One-digit numbers,Complex actions,1
73 / 36,Multiplication and Division within Times Tables Range,One-digit numbers,Simple actions,5
91 * 15,Multiplication and Division within Times Tables Range,One-digit numbers,Simple actions,1
99 * 14,Multiplication and Division within Times Tables Range,One-digit numbers,Simple actions,1
10 - 92,Multiplying Double Digits by 2,One-digit numbers,Simple actions,3
32 + 88,Multiplying Double Digits by 2,One-digit numbers,Complex actions,2
58 * 31,Multiplying Double Digits by 2,Two-digit numbers,Complex actions,3
36 / 25,Multiplication and Division within Times Tables Range,Two-digit numbers,Simple actions,1
34 * 30,Solving Equations with Unknown in Windowed Form,One-digit numbers,Simple actions,4
76 / 7,Addition and Subtraction of Single Digits,Two-digit numbers,Complex actions,4
50 - 77,Multiplying Double Digits by 2,Two-digit numbers,Simple actions,1
79 / 91,Addition and Subtraction of Double Digits,One-digit numbers,Complex actions,5
42 - 15,Addition and Subtraction of Double Digits,Two-digit numbers,Complex actions,4
51 - 84,Multiplying Double Digits by 2,One-digit numbers,Complex actions,1
10 / 72,Multiplication and Division within Times Tables Range,One-digit numbers,Simple actions,4
75 + 32,Solving Equations with Unknown in Windowed Form,One-digit numbers,Simple actions,4
53 * 86,Solving Equations with Unknown in Windowed Form,Two-digit numbers,Simple actions,1
84 + 24,Solving Equations with Unknown in Windowed Form,One-digit numbers,Simple actions,6
8 - 65,Addition and Subtraction of Double Digits,One-digit numbers,Complex actions,4
70 + 2,Solving Equations with Unknown in Windowed Form,One-digit numbers,Simple actions,2
9 / 31,Addition and Subtraction of Single Digits,One-digit numbers,Complex actions,2
54 / 29,Multiplying Double Digits by 2,One-digit numbers,Complex actions,2
81 / 24,Addition and Subtraction of Single Digits,One-digit numbers,Simple actions,1
5 + 24,Multiplying Double Digits by 2,One-digit numbers,Simple actions,1
76 - 85,Solving Equations with Unknown in Windowed Form,Two-digit numbers,Complex actions,1
58 - 48,Solving Equations with Unknown in Windowed Form,One-digit numbers,Simple actions,1
43 - 53,Addition and Subtraction of Single Digits,Two-digit numbers,Simple actions,5
61 / 13,Addition and Subtraction of Double Digits,Two-digit numbers,Simple actions,5
37 + 5,Multiplying Double Digits by 2,Two-digit numbers,Complex actions,3
33 * 56,Addition and Subtraction of Single Digits,Two-digit numbers,Simple actions,4
42 + 56,Addition and Subtraction of Single Digits,One-digit numbers,Simple actions,5
5 - 76,Addition and Subtraction of Single Digits,One-digit numbers,Complex actions,2
78 / 97,Multiplication and Division within Times Tables Range,One-digit numbers,Simple actions,3
20 + 95,Addition and Subtraction of Single Digits,Two-digit numbers,Simple actions,5
66 + 11,Addition and Subtraction of Single Digits,One-digit numbers,Simple actions,6
35 + 53,Multiplying Double Digits by 2,One-digit numbers,Complex actions,1
43 * 47,Addition and Subtraction of Single Digits,Two-digit numbers,Simple actions,5
86 - 84,Addition and Subtraction of Single Digits,Two-digit numbers,Complex actions,2
94 + 4,Addition and Subtraction of Double Digits,Two-digit numbers,Complex actions,5
33 * 85,Addition and Subtraction of Single Digits,One-digit numbers,Complex actions,1
66 + 74,Addition and Subtraction of Double Digits,Two-digit numbers,Complex actions,4
78 - 61,Solving Equations with Unknown in Windowed Form,One-digit numbers,Complex actions,2
23 + 29,Solving Equations with Unknown in Windowed Form,One-digit numbers,Complex actions,5
19 - 54,Multiplication and Division within Times Tables Range,Two-digit numbers,Complex actions,6
36 / 48,Multiplying Double Digits by 2,One-digit numbers,Simple actions,5
6 + 10,Multiplying Double Digits by 2,Two-digit numbers,Complex actions,1
62 - 36,Addition and Subtraction of Double Digits,Two-digit numbers,Complex actions,1
53 - 84,Multiplying Double Digits by 2,Two-digit numbers,Simple actions,2
43 * 62,Multiplication and Division within Times Tables Range,One-digit numbers,Simple actions,4
84 * 77,Solving Equations with Unknown in Windowed Form,One-digit numbers,Simple actions,3
79 / 31,Addition and Subtraction of Double Digits,One-digit numbers,Simple actions,2
34 / 73,Solving Equations with Unknown in Windowed Form,Two-digit numbers,Complex actions,4
1 / 61,Addition and Subtraction of Single Digits,One-digit numbers,Simple actions,6
99 - 26,Solving Equations with Unknown in Windowed Form,One-digit numbers,Complex actions,2
52 - 89,Solving Equations with Unknown in Windowed Form,One-digit numbers,Complex actions,3
20 + 23,Solving Equations with Unknown in Windowed Form,One-digit numbers,Simple actions,4
95 / 66,Addition and Subtraction of Double Digits,Two-digit numbers,Complex actions,6
75 - 53,Multiplying Double Digits by 2,Two-digit numbers,Simple actions,3
91 * 24,Multiplying Double Digits by 2,Two-digit numbers,Simple actions,1
24 - 72,Addition and Subtraction of Single Digits,One-digit numbers,Complex actions,5
93 / 71,Addition and Subtraction of Double Digits,Two-digit numbers,Simple actions,1
59 - 43,Multiplying Double Digits by 2,Two-digit numbers,Complex actions,5
15 / 85,Multiplication and Division within Times Tables Range,Two-digit numbers,Complex actions,3
24 / 56,Addition and Subtraction of Double Digits,Two-digit numbers,Complex actions,2
35 - 12,Addition and Subtraction of Single Digits,One-digit numbers,Complex actions,3
92 - 83,Multiplying Double Digits by 2,Two-digit numbers,Simple actions,2
50 - 38,Addition and Subtraction of Single Digits,Two-digit numbers,Complex actions,2
46 * 82,Solving Equations with Unknown in Windowed Form,Two-digit numbers,Complex actions,3
66 - 78,Multiplying Double Digits by 2,Two-digit numbers,Complex actions,2
14 - 60,Addition and Subtraction of Single Digits,Two-digit numbers,Simple actions,6
54 * 18,Addition and Subtraction of Double Digits,One-digit numbers,Complex actions,5
36 - 55,Addition and Subtraction of Single Digits,Two-digit numbers,Simple actions,1
14 - 37,Addition and Subtraction of Single Digits,One-digit numbers,Complex actions,3
87 - 86,Multiplication and Division within Times Tables Range,Two-digit numbers,Simple actions,2
58 - 11,Multiplication and Division within Times Tables Range,One-digit numbers,Simple actions,2
42 + 50,Addition and Subtraction of Single Digits,One-digit numbers,Simple actions,6
46 - 72,Addition and Subtraction of Single Digits,One-digit numbers,Complex actions,2
37 / 74,Solving Equations with Unknown in Windowed Form,Two-digit numbers,Simple actions,6
71 * 88,Multiplying Double Digits by 2,Two-digit numbers,Simple actions,2
45 * 8,Multiplication and Division within Times Tables Range,Two-digit numbers,Complex actions,1
27 / 74,Addition and Subtraction of Single Digits,One-digit numbers,Complex actions,4
26 - 92,Multiplying Double Digits by 2,Two-digit numbers,Simple actions,1
77 / 12,Addition and Subtraction of Double Digits,One-digit numbers,Complex actions,1
53 * 91,Multiplication and Division within Times Tables Range,One-digit numbers,Complex actions,1
99 - 12,Multiplication and Division within Times Tables Range,Two-digit numbers,Simple actions,6
92 / 47,Addition and Subtraction of Single Digits,Two-digit numbers,Complex actions,5
51 * 32,Multiplication and Division within Times Tables Range,One-digit numbers,Simple actions,1
92 * 3,Addition and Subtraction of Single Digits,One-digit numbers,Simple actions,6
62 - 50,Addition and Subtraction of Single Digits,Two-digit numbers,Simple actions,1
30 + 69,Multiplication and Division within Times Tables Range,Two-digit numbers,Simple actions,6
90 / 84,Multiplying Double Digits by 2,Two-digit numbers,Complex actions,2
15 - 96,Multiplication and Division within Times Tables Range,One-digit numbers,Complex actions,1
29 + 52,Addition and Subtraction of Double Digits,One-digit numbers,Complex actions,6
67 + 41,Multiplication and Division within Times Tables Range,Two-digit numbers,Complex actions,2
19 - 37,Solving Equations with Unknown in Windowed Form,One-digit numbers,Simple actions,3
84 / 54,Addition and Subtraction of Single Digits,One-digit numbers,Simple actions,4
31 * 13,Multiplying Double Digits by 2,One-digit numbers,Complex actions,4
36 - 38,Multiplying Double Digits by 2,One-digit numbers,Simple actions,3
29 / 63,Multiplying Double Digits by 2,Two-digit numbers,Complex actions,2
28 / 40,Multiplication and Division within Times Tables Range,Two-digit numbers,Simple actions,4
94 * 65,Addition and Subtraction of Single Digits,One-digit numbers,Simple actions,4
53 * 24,Multiplication and Division within Times Tables Range,Two-digit numbers,Complex actions,6
18 / 52,Addition and Subtraction of Double Digits,Two-digit numbers,Simple actions,5
1 + 79,Addition and Subtraction of Double Digits,One-digit numbers,Complex actions,1
97 / 51,Multiplying Double Digits by 2,Two-digit numbers,Simple actions,2
83 / 36,Multiplication and Division within Times Tables Range,One-digit numbers,Simple actions,2
47 - 60,Addition and Subtraction of Single Digits,One-digit numbers,Simple actions,5
68 + 32,Addition and Subtraction of Double Digits,One-digit numbers,Complex actions,6
83 * 36,Addition and Subtraction of Double Digits,One-digit numbers,Complex actions,3
17 + 38,Addition and Subtraction of Single Digits,Two-digit numbers,Simple actions,3
90 + 21,Addition and Subtraction of Double Digits,Two-digit numbers,Simple actions,5
6 - 88,Multiplication and Division within Times Tables Range,One-digit numbers,Simple actions,5
81 - 64,Addition and Subtraction of Double Digits,Two-digit numbers,Simple actions,3
97 * 81,Addition and Subtraction of Double Digits,One-digit numbers,Complex actions,3
11 / 32,Solving Equations with Unknown in Windowed Form,One-digit numbers,Simple actions,3
38 + 63,Solving Equations with Unknown in Windowed Form,One-digit numbers,Complex actions,6
37 - 85,Addition and Subtraction of Double Digits,One-digit numbers,Complex actions,3
73 + 49,Multiplication and Division within Times Tables Range,One-digit numbers,Complex actions,4
81 - 85,Solving Equations with Unknown in Windowed Form,Two-digit numbers,Simple actions,4
1 - 81,Multiplying Double Digits by 2,Two-digit numbers,Complex actions,5
12 + 27,Multiplication and Division within Times Tables Range,One-digit numbers,Simple actions,4
84 * 9,Addition and Subtraction of Single Digits,Two-digit numbers,Complex actions,5
43 / 17,Addition and Subtraction of Double Digits,Two-digit numbers,Simple actions,2
7 * 81,Addition and Subtraction of Double Digits,Two-digit numbers,Complex actions,3
98 / 35,Multiplication and Division within Times Tables Range,One-digit numbers,Simple actions,6
60 * 82,Solving Equations with Unknown in Windowed Form,Two-digit numbers,Simple actions,6
23 / 64,Solving Equations with Unknown in Windowed Form,One-digit numbers,Simple actions,3
80 + 72,Addition and Subtraction of Single Digits,One-digit numbers,Simple actions,6
22 - 32,Solving Equations with Unknown in Windowed Form,One-digit numbers,Complex actions,4
10 - 77,Solving Equations with Unknown in Windowed Form,Two-digit numbers,Complex actions,6
84 * 33,Addition and Subtraction of Single Digits,One-digit numbers,Complex actions,1
56 / 69,Solving Equations with Unknown in Windowed Form,One-digit numbers,Simple actions,5
15 * 78,Addition and Subtraction of Single Digits,Two-digit numbers,Simple actions,3
7 - 70,Addition and Subtraction of Single Digits,One-digit numbers,Complex actions,2
98 - 53,Multiplying Double Digits by 2,Two-digit numbers,Simple actions,2
29 - 68,Multiplying Double Digits by 2,Two-digit numbers,Simple actions,6
76 + 14,Addition and Subtraction of Double Digits,One-digit numbers,Complex actions,1
85 * 57,Addition and Subtraction of Single Digits,One-digit numbers,Simple actions,6
37 / 99,Multiplication and Division within Times Tables Range,One-digit numbers,Simple actions,1
40 - 12,Addition and Subtraction of Double Digits,Two-digit numbers,Simple actions,1
37 * 99,Solving Equations with Unknown in Windowed Form,Two-digit numbers,Simple actions,2
76 + 35,Multiplying Double Digits by 2,One-digit numbers,Complex actions,4
84 * 50,Multiplication and Division within Times Tables Range,Two-digit numbers,Simple actions,1
89 * 11,Addition and Subtraction of Double Digits,Two-digit numbers,Simple actions,6
61 * 12,Addition and Subtraction of Single Digits,One-digit numbers,Simple actions,3
34 * 48,Solving Equations with Unknown in Windowed Form,One-digit numbers,Complex actions,6
89 / 46,Multiplication and Division within Times Tables Range,Two-digit numbers,Complex actions,2
88 / 92,Addition and Subtraction of Single Digits,Two-digit numbers,Simple actions,4
39 * 64,Solving Equations with Unknown in Windowed Form,One-digit numbers,Simple actions,6
97 / 95,Solving Equations with Unknown in Windowed Form,Two-digit numbers,Complex actions,5
43 + 24,Multiplying Double Digits by 2,One-digit numbers,Complex actions,1
84 - 34,Multiplying Double Digits by 2,One-digit numbers,Complex actions,4
40 * 94,Solving Equations with Unknown in Windowed Form,Two-digit numbers,Complex actions,3
50 + 29,Addition and Subtraction of Single Digits,One-digit numbers,Complex actions,1
86 - 41,Solving Equations with Unknown in Windowed Form,Two-digit numbers,Complex actions,1
4 - 87,Multiplying Double Digits by 2,One-digit numbers,Simple actions,2
77 * 91,Multiplying Double Digits by 2,Two-digit numbers,Simple actions,1
46 + 68,Multiplication and Division within Times Tables Range,One-digit numbers,Simple actions,5
51 + 36,Addition and Subtraction of Double Digits,One-digit numbers,Complex actions,4
12 * 22,Addition and Subtraction of Double Digits,Two-digit numbers,Complex actions,5
16 / 70,Multiplying Double Digits by 2,One-digit numbers,Complex actions,5
90 / 88,Addition and Subtraction of Single Digits,One-digit numbers,Complex actions,3
83 / 46,Addition and Subtraction of Single Digits,Two-digit numbers,Complex actions,3
81 + 46,Multiplication and Division within Times Tables Range,One-digit numbers,Simple actions,3
33 / 4,Multiplying Double Digits by 2,One-digit numbers,Simple actions,4
95 - 15,Addition and Subtraction of Single Digits,One-digit numbers,Complex actions,2
91 + 26,Multiplication and Division within Times Tables Range,One-digit numbers,Complex actions,5
21 / 55,Multiplying Double Digits by 2,Two-digit numbers,Complex actions,3
65 + 48,Multiplying Double Digits by 2,One-digit numbers,Complex actions,3
30 / 64,Multiplication and Division within Times Tables Range,One-digit numbers,Complex actions,6
1 * 5,Addition and Subtraction of Single Digits,Two-digit numbers,Simple actions,6
77 * 60,Addition and Subtraction of Single Digits,One-digit numbers,Simple actions,5
2 - 18,Multiplication and Division within Times Tables Range,Two-digit numbers,Complex actions,6
26 / 33,Addition and Subtraction of Single Digits,One-digit numbers,Complex actions,2
60 / 6,Multiplying Double Digits by 2,One-digit numbers,Complex actions,4
52 / 98,Addition and Subtraction of Double Digits,Two-digit numbers,Simple actions,6
81 - 21,Addition and Subtraction of Double Digits,One-digit numbers,Simple actions,2
70 * 65,Addition and Subtraction of Double Digits,One-digit numbers,Simple actions,5
65 - 61,Addition and Subtraction of Double Digits,One-digit numbers,Complex actions,6
24 + 96,Solving Equations with Unknown in Windowed Form,Two-digit numbers,Complex actions,6
46 - 52,Addition and Subtraction of Double Digits,Two-digit numbers,Simple actions,1
7 / 29,Addition and Subtraction of Single Digits,Two-digit numbers,Complex actions,1
91 / 88,Solving Equations with Unknown in Windowed Form,One-digit numbers,Simple actions,3
13 + 1,Multiplication and Division within Times Tables Range,Two-digit numbers,Simple actions,4
5 * 34,Multiplication and Division within Times Tables Range,One-digit numbers,Simple actions,2
65 / 97,Addition and Subtraction of Single Digits,One-digit numbers,Complex actions,6
7 + 99,Addition and Subtraction of Single Digits,Two-digit numbers,Simple actions,1
23 * 78,Addition and Subtraction of Single Digits,One-digit numbers,Simple actions,1
39 - 6,Addition and Subtraction of Single Digits,Two-digit numbers,Simple actions,4
6 / 61,Multiplying Double Digits by 2,One-digit numbers,Simple actions,5
18 / 36,Addition and Subtraction of Double Digits,One-digit numbers,Simple actions,5
84 - 44,Addition and Subtraction of Single Digits,Two-digit numbers,Complex actions,2
87 * 28,Multiplying Double Digits by 2,One-digit numbers,Simple actions,3
89 - 38,Solving Equations with Unknown in Windowed Form,One-digit numbers,Complex actions,1
58 * 99,Addition and Subtraction of Double Digits,Two-digit numbers,Complex actions,6
41 + 33,Multiplication and Division within Times Tables Range,Two-digit numbers,Complex actions,2
1 - 9,Addition and Subtraction of Double Digits,One-digit numbers,Simple actions,6
82 / 83,Addition and Subtraction of Double Digits,Two-digit numbers,Simple actions,1
83 + 59,Multiplication and Division within Times Tables Range,Two-digit numbers,Simple actions,5
85 - 51,Multiplication and Division within Times Tables Range,One-digit numbers,Simple actions,2
17 - 62,Addition and Subtraction of Single Digits,One-digit numbers,Complex actions,2
96 / 17,Addition and Subtraction of Double Digits,One-digit numbers,Simple actions,1
92 / 4,Addition and Subtraction of Double Digits,Two-digit numbers,Simple actions,1
69 / 38,Multiplication and Division within Times Tables Range,One-digit numbers,Simple actions,2
77 + 51,Solving Equations with Unknown in Windowed Form,One-digit numbers,Simple actions,1
84 * 34,Addition and Subtraction of Double Digits,One-digit numbers,Complex actions,3
29 * 68,Solving Equations with Unknown in Windowed Form,Two-digit numbers,Simple actions,4
79 + 79,Addition and Subtraction of Double Digits,One-digit numbers,Complex actions,4
64 * 60,Addition and Subtraction of Double Digits,Two-digit numbers,Complex actions,4
15 / 86,Solving Equations with Unknown in Windowed Form,One-digit numbers,Complex actions,2
40 - 97,Addition and Subtraction of Single Digits,One-digit numbers,Simple actions,2
51 * 18,Solving Equations with Unknown in Windowed Form,Two-digit numbers,Complex actions,4
75 + 64,Addition and Subtraction of Double Digits,One-digit numbers,Complex actions,6
28 / 36,Solving Equations with Unknown in Windowed Form,Two-digit numbers,Simple actions,3
89 + 85,Addition and Subtraction of Double Digits,One-digit numbers,Complex actions,4
98 / 98,Addition and Subtraction of Double Digits,One-digit numbers,Simple actions,3
92 + 66,Addition and Subtraction of Single Digits,One-digit numbers,Complex actions,6
83 / 85,Multiplying Double Digits by 2,Two-digit numbers,Simple actions,1
24 * 50,Multiplication and Division within Times Tables Range,One-digit numbers,Complex actions,5
92 / 14,Addition and Subtraction of Single Digits,One-digit numbers,Complex actions,1
74 + 89,Solving Equations with Unknown in Windowed Form,One-digit numbers,Simple actions,3
42 * 97,Multiplying Double Digits by 2,One-digit numbers,Complex actions,4
93 / 62,Multiplication and Division within Times Tables Range,One-digit numbers,Complex actions,1
49 - 54,Multiplying Double Digits by 2,Two-digit numbers,Complex actions,3
15 - 10,Addition and Subtraction of Double Digits,One-digit numbers,Simple actions,6
50 / 46,Solving Equations with Unknown in Windowed Form,Two-digit numbers,Complex actions,5
40 / 49,Solving Equations with Unknown in Windowed Form,One-digit numbers,Simple actions,5
34 / 67,Multiplication and Division within Times Tables Range,One-digit numbers,Complex actions,4
13 * 48,Addition and Subtraction of Single Digits,Two-digit numbers,Complex actions,3
54 - 59,Multiplying Double Digits by 2,Two-digit numbers,Complex actions,4
26 + 21,Addition and Subtraction of Single Digits,One-digit numbers,Complex actions,1
16 + 85,Multiplication and Division within Times Tables Range,One-digit numbers,Simple actions,1
39 + 84,Addition and Subtraction of Single Digits,One-digit numbers,Complex actions,6
2 - 7,Multiplication and Division within Times Tables Range,One-digit numbers,Simple actions,6
10 / 36,Addition and Subtraction of Single Digits,Two-digit numbers,Simple actions,5
47 - 35,Solving Equations with Unknown in Windowed Form,Two-digit numbers,Complex actions,1
44 / 53,Addition and Subtraction of Double Digits,Two-digit numbers,Complex actions,4
5 / 55,Multiplication and Division within Times Tables Range,One-digit numbers,Simple actions,2
81 - 7,Addition and Subtraction of Single Digits,One-digit numbers,Complex actions,6
6 + 7,Solving Equations with Unknown in Windowed Form,One-digit numbers,Simple actions,3
32 * 14,Multiplying Double Digits by 2,Two-digit numbers,Complex actions,2
66 - 6,Addition and Subtraction of Single Digits,One-digit numbers,Complex actions,6
80 / 5,Multiplication and Division within Times Tables Range,One-digit numbers,Simple actions,4
47 * 43,Multiplying Double Digits by 2,Two-digit numbers,Simple actions,6
76 - 15,Multiplication and Division within Times Tables Range,One-digit numbers,Complex actions,1
51 + 58,Addition and Subtraction of Single Digits,Two-digit numbers,Complex actions,3
76 - 72,Addition and Subtraction of Single Digits,One-digit numbers,Complex actions,6
59 + 44,Addition and Subtraction of Double Digits,One-digit numbers,Complex actions,4
43 * 86,Addition and Subtraction of Double Digits,Two-digit numbers,Complex actions,6
93 * 10,Multiplication and Division within Times Tables Range,One-digit numbers,Simple actions,1
90 - 27,Addition and Subtraction of Single Digits,One-digit numbers,Complex actions,6
82 * 49,Solving Equations with Unknown in Windowed Form,One-digit numbers,Complex actions,4
88 / 43,Addition and Subtraction of Single Digits,Two-digit numbers,Complex actions,1
87 - 73,Solving Equations with Unknown in Windowed Form,Two-digit numbers,Complex actions,3
13 / 60,Addition and Subtraction of Double Digits,Two-digit numbers,Complex actions,1
20 - 48,Addition and Subtraction of Double Digits,Two-digit numbers,Simple actions,2
24 + 80,Multiplication and Division within Times Tables Range,One-digit numbers,Simple actions,4
9 / 43,Addition and Subtraction of Double Digits,Two-digit numbers,Simple actions,3
45 / 53,Multiplying Double Digits by 2,Two-digit numbers,Simple actions,6
88 + 64,Addition and Subtraction of Single Digits,One-digit numbers,Complex actions,4
80 + 84,Solving Equations with Unknown in Windowed Form,Two-digit numbers,Simple actions,4
56 + 8,Multiplying Double Digits by 2,One-digit numbers,Simple actions,3
52 * 46,Multiplication and Division within Times Tables Range,Two-digit numbers,Simple actions,4
88 - 85,Addition and Subtraction of Double Digits,One-digit numbers,Complex actions,1
41 - 72,Addition and Subtraction of Single Digits,Two-digit numbers,Simple actions,6
66 / 21,Solving Equations with Unknown in Windowed Form,One-digit numbers,Simple actions,1
36 - 99,Addition and Subtraction of Single Digits,Two-digit numbers,Simple actions,3
34 / 91,Addition and Subtraction of Double Digits,One-digit numbers,Simple actions,3
72 * 93,Solving Equations with Unknown in Windowed Form,Two-digit numbers,Complex actions,4
90 - 58,Multiplying Double Digits by 2,Two-digit numbers,Simple actions,1
67 + 65,Addition and Subtraction of Double Digits,One-digit numbers,Complex actions,4
3 * 5,Multiplying Double Digits by 2,One-digit numbers,Simple actions,4
33 + 30,Addition and Subtraction of Double Digits,Two-digit numbers,Complex actions,4
56 * 99,Addition and Subtraction of Single Digits,One-digit numbers,Simple actions,5
52 - 62,Multiplying Double Digits by 2,Two-digit numbers,Complex actions,5
99 - 76,Multiplication and Division within Times Tables Range,Two-digit numbers,Complex actions,1
13 * 11,Multiplying Double Digits by 2,One-digit numbers,Simple actions,3
83 + 54,Multiplying Double Digits by 2,One-digit numbers,Simple actions,5
21 / 28,Multiplication and Division within Times Tables Range,Two-digit numbers,Complex actions,3
96 * 18,Multiplication and Division within Times Tables Range,Two-digit numbers,Complex actions,3
30 - 11,Addition and Subtraction of Double Digits,Two-digit numbers,Simple actions,5
41 * 55,Addition and Subtraction of Single Digits,One-digit numbers,Complex actions,4
32 / 79,Addition and Subtraction of Double Digits,Two-digit numbers,Simple actions,3
79 / 61,Addition and Subtraction of Single Digits,One-digit numbers,Simple actions,6
90 / 81,Addition and Subtraction of Double Digits,One-digit numbers,Simple actions,5
69 + 84,Multiplying Double Digits by 2,One-digit numbers,Complex actions,3
22 + 6,Multiplication and Division within Times Tables Range,One-digit numbers,Complex actions,1
82 / 33,Multiplication and Division within Times Tables Range,One-digit numbers,Simple actions,2
4 / 92,Multiplying Double Digits by 2,One-digit numbers,Simple actions,5
60 - 64,Multiplication and Division within Times Tables Range,Two-digit numbers,Complex actions,4
96 / 41,Solving Equations with Unknown in Windowed Form,Two-digit numbers,Complex actions,2
43 - 45,Addition and Subtraction of Double Digits,One-digit numbers,Simple actions,1
23 + 55,Addition and Subtraction of Double Digits,One-digit numbers,Complex actions,5
54 + 44,Solving Equations with Unknown in Windowed Form,Two-digit numbers,Simple actions,3
53 - 86,Solving Equations with Unknown in Windowed Form,Two-digit numbers,Simple actions,1
58 - 78,Addition and Subtraction of Single Digits,One-digit numbers,Complex actions,3
9 - 91,Multiplying Double Digits by 2,Two-digit numbers,Complex actions,3
25 - 27,Multiplication and Division within Times Tables Range,Two-digit numbers,Simple actions,4
38 / 7,Addition and Subtraction of Single Digits,One-digit numbers,Complex actions,4
99 + 42,Addition and Subtraction of Double Digits,One-digit numbers,Complex actions,4
78 * 72,Solving Equations with Unknown in Windowed Form,One-digit numbers,Simple actions,4
92 / 46,Multiplication and Division within Times Tables Range,Two-digit numbers,Simple actions,5
45 - 76,Solving Equations with Unknown in Windowed Form,Two-digit numbers,Complex actions,5
21 - 30,Addition and Subtraction of Single Digits,One-digit numbers,Simple actions,2
38 + 63,Multiplying Double Digits by 2,One-digit numbers,Complex actions,1
89 - 32,Addition and Subtraction of Double Digits,One-digit numbers,Complex actions,4
36 - 2,Multiplying Double Digits by 2,Two-digit numbers,Complex actions,1
42 + 70,Multiplying Double Digits by 2,One-digit numbers,Complex actions,5
36 * 31,Multiplication and Division within Times Tables Range,Two-digit numbers,Complex actions,3
92 / 40,Multiplying Double Digits by 2,Two-digit numbers,Simple actions,3
17 - 90,Addition and Subtraction of Double Digits,One-digit numbers,Complex actions,3
72 + 71,Addition and Subtraction of Double Digits,Two-digit numbers,Simple actions,2
61 * 64,Multiplication and Division within Times Tables Range,Two-digit numbers,Simple actions,1
48 - 69,Solving Equations with Unknown in Windowed Form,One-digit numbers,Complex actions,4
42 - 84,Multiplication and Division within Times Tables Range,One-digit numbers,Complex actions,3
34 + 76,Addition and Subtraction of Double Digits,One-digit numbers,Complex actions,2
70 + 28,Addition and Subtraction of Single Digits,One-digit numbers,Simple actions,2
18 - 71,Multiplying Double Digits by 2,Two-digit numbers,Complex actions,5
38 * 47,Addition and Subtraction of Double Digits,One-digit numbers,Simple actions,1
19 + 13,Multiplying Double Digits by 2,Two-digit numbers,Simple actions,5
31 + 78,Multiplication and Division within Times Tables Range,Two-digit numbers,Simple actions,3
87 - 49,Multiplying Double Digits by 2,One-digit numbers,Complex actions,3
91 / 75,Solving Equations with Unknown in Windowed Form,One-digit numbers,Simple actions,2
49 - 57,Addition and Subtraction of Double Digits,Two-digit numbers,Complex actions,2
5 * 6,Multiplying Double Digits by 2,Two-digit numbers,Complex actions,6
68 * 82,Solving Equations with Unknown in Windowed Form,One-digit numbers,Complex actions,6
21 / 71,Multiplying Double Digits by 2,Two-digit numbers,Complex actions,4
88 * 39,Multiplying Double Digits by 2,Two-digit numbers,Simple actions,5
53 - 45,Solving Equations with Unknown in Windowed Form,Two-digit numbers,Complex actions,5
66 * 26,Multiplying Double Digits by 2,Two-digit numbers,Complex actions,5
80 / 11,Multiplication and Division within Times Tables Range,One-digit numbers,Complex actions,1
64 / 57,Multiplying Double Digits by 2,Two-digit numbers,Complex actions,3
